Country,1990,1991,1992,1993,1994,1995,1996,1997,1998,1999,2000,2001,2002,2003,2004,2005,2006,2007,2008,2009,2010,2011,2012,2013,2014
Albania,3.13415729,3.332269428,4.357962185,4.988044082,5.188297585,6.390678733,6.652607827,7.063849078,7.080224,6.025278041,6.653416806,7.201812666,7.062183875,7.70573077,7.579924617,8.150986164,9.278606628,10.70187528,11.57702922,12.04602379,13.21419783,13.34396366,15.30207957,13.19184378,13.92688063
Algeria,8.030757911,7.754721018,7.887895157,7.877125783,8.27160466,8.401557812,9.198091884,9.231406399,9.480340905,9.297539059,9.713190264,10.20325152,10.2322712,10.51297082,11.12203443,11.66289161,11.41191874,11.41844604,11.78086965,11.02792909,11.7531847,11.83560626,10.82707316,10.46866174,9.79389589
Angola,6.579710416,6.708993118,6.425438496,4.827943601,4.929688696,5.79264067,6.50880315,6.951290417,7.37790915,7.281026082,7.468082992,7.617703118,8.407400151,8.17315381,9.051309406,11.10934146,11.6364587,12.77170381,13.3717271,12.50458889,12.64580213,12.86124724,13.4423024,14.41269008,15.01827837
Argentina,5.095449811,5.576838118,5.854309443,6.466015311,6.570432846,6.424766825,6.658276041,7.095277693,7.204973853,6.942642338,6.959335096,7.146793308,6.655895373,6.895957996,7.067840012,7.885729095,8.068749053,8.916315408,8.982089313,8.756990129,9.365054463,9.898423043,10.16888768,10.23663146,9.671815343
Armenia,1.274468749,1.103726734,1.292335024,2.273034864,3.891754866,3.560360044,3.544192451,3.56340993,3.796329209,4.114545471,4.05417533,4.55908096,5.603279699,6.164276506,6.613849378,6.474842685,7.414602492,7.767316768,8.038659598,8.003808173,8.697662862,8.501175536,9.45211754,10.94146441,9.879703949
Australia,3.424341579,3.608998565,3.665275931,3.714178606,3.939530763,4.070530921,4.071025006,4.191333015,4.352572275,4.503175056,4.663025043,5.02233644,5.156210448,5.339088634,5.59116765,5.854521732,6.006035101,6.227728624,6.280202288,6.874473462,6.78419049,7.304379881,7.681539778,8.394067808,8.787819683
Austria,5.998795169,6.02579651,6.548439998,6.662643866,6.987307749,7.011392405,6.847420877,7.159226949,7.396009001,7.685954194,8.230510561,7.906305044,8.262207426,8.080567129,8.419865177,8.570097728,9.222474113,9.799428137,10.24670245,10.78353624,10.37656294,11.3344876,11.95269411,12.22799336,12.96717074
Azerbaijan,1.693280418,1.754535673,1.714048221,1.505744766,1.36071884,1.304043755,1.591620514,1.777991281,1.905254408,2.23204934,2.453007215,2.719130774,2.992828512,3.194099098,3.407823937,4.281863374,6.019041723,8.471063009,8.683036141,10.68004005,11.66551317,10.81138033,10.3436917,11.00884646,11.61316179
Bahamas,8.535421268,8.9504,9.3654,9.7804,10.1953,10.6103,11.0253,11.4403,11.8552,12.2702,12.6852,13.1002,13.5152,13.9301,14.34511147,14.59101156,15.19262754,15.75944911,15.75944911,15.75944911,15.75944911,15.75944911,15.75944911,15.75944911,15.75944911
Bangladesh,6.88880084,7.47695815,7.639504039,7.755990072,7.879538803,7.772842835,8.224442742,8.368270727,8.537919874,8.946982895,9.308023537,9.137310612,9.412765977,9.529986402,10.11216375,10.69809096,10.9733756,11.54678466,11.88966929,11.96211706,11.79655587,12.3590256,13.35462048,14.15663466,14.68974506
Belarus,1.17169964,1.228360277,1.361080802,1.511680404,1.605450634,1.587543985,1.618323162,1.838566048,2.057429898,2.216257686,2.358809026,2.513799117,2.631199673,2.786711267,3.083991035,3.482503172,3.707711753,4.221332742,4.735763181,5.035909922,5.292760116,5.340502753,5.509405684,6.632784258,6.472861073
Belgium,3.878235133,3.908363249,4.014386341,4.16856039,4.141579963,4.253372923,4.10080633,4.295182643,4.349053697,4.532715924,4.902667462,5.111694432,5.61748526,5.527535213,5.727530755,5.971955628,6.43756555,6.886497318,6.945122559,7.271292611,7.196845775,8.040029631,8.727863835,8.738657378,9.542815325
Belize,5.753008477,6.1909,6.6288,7.0667,7.5045,7.9424,8.3803,8.8182,9.2561,9.6939,10.1318,10.5697,11.0076,11.4455,11.88334873,12.10097969,12.20452682,12.24382061,12.24382061,12.24382061,12.24382061,12.24382061,12.24382061,12.24382061,12.24382061
Benin,3.774586032,4.006003851,4.116885589,4.35794488,4.444317801,4.70849095,4.295600059,4.453187966,4.746096694,4.86195948,6.093875907,6.168064844,6.112121269,6.106213778,6.272301695,6.555372044,5.949489163,5.955502906,6.23023413,6.122127708,5.952913762,6.089975847,6.264740195,6.581669826,6.801444795
Bhutan,14.29387169,14.2168,14.1397,14.0625,13.9854,13.9083,13.8312,13.7541,13.677,13.5999,13.5228,13.4457,13.3686,13.2914,13.21433813,12.89904229,13.74787566,14.44936397,14.44936397,14.44936397,14.44936397,14.44936397,14.44936397,14.44936397,14.44936397
Bolivia,6.244482068,6.592156658,6.470430262,6.460081875,6.273859248,5.974840884,5.905895409,5.781410708,6.074846246,6.297703585,5.899716735,7.879319345,6.842434289,6.885434252,7.356915198,7.26299077,6.265410775,8.257096029,8.401392773,8.399783499,8.122626387,8.260707954,7.91999031,8.951493165,9.068265751
Bosnia and Herz.,0.0,0.65363805625,1.3072761125,1.96091416875,2.614552225,3.097005247,5.101979054,4.51773685,4.249257631,4.774233791,3.926255491,4.248220405,4.382462785,4.595368916,4.853323194,4.840920922,5.26095585,5.808688459,5.685899954,5.430322197,5.348138969,5.111639572,5.557385321,6.047005014,5.088379642
Botswana,6.001383392,6.546068693,5.979338432,6.219643702,6.68062186,7.12820821,7.873818307,8.269458868,7.441003778,8.016242628,8.040555406,8.142083844,8.636426991,9.233521569,9.90308834,10.34606549,11.17650026,12.02405096,12.3066144,12.2769843,12.3186199,13.88166763,11.83642721,12.24024785,12.53165906
Brazil,7.121628186,7.335077405,7.390156298,7.724866423,7.894383136,8.137355879,8.041560104,8.049308264,7.976079515,7.948928012,8.449234698,8.604456929,8.775223568,8.893961445,9.150614079,9.498562366,9.831940296,10.13389051,10.28424916,10.69937237,10.52596707,11.00072346,10.64557853,10.67062915,10.50994109
Brunei,8.376939143,7.899605115,7.871730675,8.396433305,9.533327062,8.487381521,8.83283076,8.571917894,8.656489642,8.875395985,9.282954803,10.5272503,11.36713562,10.26138051,11.55096646,12.38174452,9.372258665,9.412759973,8.571891283,9.878697352,9.628497254,8.53219427,9.19339496,11.13872182,9.381016264
Bulgaria,2.313945911,2.822990012,2.865098639,2.694532234,2.889910454,2.796716533,2.467791802,2.274419636,2.531467706,2.585418829,2.801212223,2.85361745,3.204690793,3.350160746,3.737810961,3.930604748,4.202788435,4.800972647,5.409457994,6.01994796,6.184150405,5.989803383,6.448848653,7.114717112,7.076989805
Cambodia,0.0,0.5935237398,1.1870474796,1.7805712193999998,2.3740949592,2.967618699,3.059714004,3.185590616,2.962292278,3.382655194,3.855752982,4.211793859,3.915715175,4.201092846,5.779360536,6.657383155,7.612150626,8.494230756,9.210861084,6.378416893,6.555512489,6.849466202,7.340914785,7.673330832,7.640718537
Cameroon,4.388183163,4.321871724,4.237257746,3.859916769,3.891060159,4.039911625,4.189802031,4.360850924,4.479350977,4.702579206,4.7741704,5.032591287,5.205501654,5.327813088,5.665743475,5.925047256,6.626832282,7.570042355,7.917245281,7.541208698,7.830410817,8.637143993,8.880105947,9.124749638,9.507547497
Canada,2.640962545,2.67993086,2.703431287,2.749309025,2.834566559,2.93280443,2.975613327,3.123950977,3.298833996,3.422233079,3.540888702,3.737161492,3.859603058,3.862618789,3.996865448,4.299565078,4.611074283,4.803293369,4.91477436,4.975545466,5.138202872,5.254270719,5.455444245,5.706391623,5.779488322
Chile,4.274578005,4.665658682,4.979932222,5.375039307,5.451624469,5.764204741,5.752493592,5.61402052,5.719876435,5.438662116,5.823888146,6.265308298,6.338815817,6.651527695,6.876368531,7.272426857,8.726888264,9.145364632,9.090863598,9.242888488,10.04571416,10.43081263,10.05832379,10.18987479,11.20874909
China,1.280758853,1.485917852,1.678747631,1.847336463,2.036632725,2.14867798,2.340169543,2.603008421,2.819262316,3.020857935,3.248672606,3.456119529,3.589353586,3.520294323,3.489903192,3.626166044,3.851887118,4.177654018,4.527531056,4.671427592,4.734052211,4.936465734,5.195744165,5.386295687,5.590157207
Colombia,6.817080693,7.111138885,7.398438375,7.63018564,7.965055545,8.408121511,8.530084085,9.249775732,8.982895596,9.761328377,10.22243239,10.66578369,11.32759217,11.7432755,12.57304661,13.03106667,13.63951144,15.05852313,15.14053495,14.89386213,15.47084098,16.93029174,20.97478775,20.72357619,19.47486334
Congo,2.589734677,2.448892715,2.201451462,1.911808276,1.869728366,1.844106253,1.797567625,1.696041244,1.646951181,1.592860959,1.514381815,1.465875536,1.481481634,1.535884978,1.618971737,1.705835859,1.783423537,1.877626083,1.960923588,1.973075254,2.062042871,2.118466445,1.770303322,1.958704121,2.182759483
Costa Rica,9.405234378,9.371234676,8.106149986,8.708832794,9.433160801,9.82707993,10.08796676,10.6971002,11.63752253,11.12786668,10.80630364,11.36091712,11.33076092,11.21049436,10.13900123,10.86310002,11.09234563,11.43046983,11.98878509,12.02838498,12.53693849,13.32456564,15.19792034,15.68144933,15.78637701
Croatia,0.0,0.9406856294000001,1.8813712588000002,2.8220568882000006,3.7627425176000004,4.703428147,4.902121788,5.027592337,5.029766126,5.099464024,5.650134684,5.736396419,6.075939156,6.069634915,6.51506731,6.767203908,7.751522617,8.276265541,9.112180809,9.067932997,9.049042713,9.691208329,10.45967751,10.97313972,11.62482594
Cyprus,5.65997835,5.776204906,5.741423303,5.512552031,5.218045738,6.553307653,6.06721517,6.456900968,6.445479769,6.796298353,6.916600309,7.589293091,7.799864609,7.47152401,8.639653637,9.238944471,9.752791255,10.33443861,10.60558728,10.85246282,11.3575986,11.97001577,12.35132311,13.56102436,12.98175999
Czechia,2.63839807,2.665367121,2.7909082,2.948717172,3.196753287,3.420213605,3.50979695,3.519139092,3.67386439,4.050900143,4.060800349,4.270009303,4.368788839,4.458075121,4.663237478,4.989091562,5.292750024,5.845428518,6.429610393,6.845589761,6.533463261,7.062767525,7.16493273,7.640546306,8.240710027
Denmark,5.392796943,5.097712164,5.555604548,5.538881426,5.757027448,6.112221656,5.68284122,6.475830279,6.843270338,7.398351551,8.215480819,8.217151582,8.66746707,8.258609154,9.148526558,9.791790044,10.00205233,10.75628197,11.78870872,12.12606372,12.25699155,13.74637774,14.49224841,14.95097738,16.6754468
Dominican Rep.,6.517926011,6.748086286,6.922059075,7.849524005,7.161292902,7.357211358,7.606987901,7.550752611,7.710233973,7.966445948,7.932091584,8.563785073,8.566109864,9.094552053,10.59165499,10.99342676,11.94346492,12.95285872,13.59063106,14.08652759,14.69101729,15.18820898,14.5984219,16.43244547,17.9230902
Ecuador,7.806399436,8.007846931,8.260462201,9.248923293,9.202862264,8.204244401,8.069355334,8.249067144,8.383738493,9.004251733,8.399066203,8.41330015,9.116291416,9.398646527,10.81452732,11.25158039,12.04892379,11.17591461,13.15357793,11.190038,11.59401321,12.05688486,12.97119379,13.21717147,13.17569651
Egypt,6.463533247,6.753532677,7.032644379,7.144106296,7.885911074,7.922406987,7.980060697,8.222403435,8.192695916,8.621559872,9.826084144,9.257673488,9.334351666,9.451056684,9.346256631,8.64118631,9.002210577,9.241713623,9.718777711,10.01822529,10.86372163,10.75438244,12.05250754,12.94759119,13.23174377
El Salvador,6.224686892,5.940330435,6.229036736,6.410248348,6.471573216,6.508016577,6.991033329,6.62740376,6.688111259,6.679810149,6.601107994,6.504510142,6.583187291,6.523829518,6.814613725,7.015028009,7.180400008,7.938989698,8.266236566,8.707337602,8.914862456,9.358070603,9.659686512,10.80467378,11.19835502
Eq. Guinea,0.0,1.6319995178571427,3.2639990357142854,4.895998553571428,6.527998071428571,8.159997589285714,9.791997107142857,11.423996625,13.055996142857142,14.687995660714284,16.31999517857143,17.95199469642857,19.583994214285713,21.215993732142856,22.84799325,16.78086152,15.47394132,15.65194937,15.65194937,15.65194937,15.65194937,15.65194937,15.65194937,15.65194937,15.65194937
Eritrea,0.0,1.3225240055,2.645048011,2.926153846,3.512206617,3.512312919,3.722785334,4.112433092,6.510453165,6.37052649,6.251144652,6.630645018,6.875875787,6.366247316,7.149134928,7.379129265,8.264127026,8.334080499,8.147498131,7.96839672,8.026837443,8.685361509,8.685361509,8.685361509,8.685361509
Estonia,0.0,0.5307181133333333,1.0614362266666666,1.59215434,1.584756036,1.78247562,1.699347649,1.986156508,2.283592679,2.431457685,2.796461708,2.915784309,3.416602692,3.455212182,3.729740961,4.322208439,5.115185506,5.223959435,5.560966456,5.649131871,5.16558853,5.847702309,6.274106389,5.978999904,6.344031702
Eswatini,9.370860064,9.7313,10.0918,10.4522,10.8127,11.1732,11.5336,11.8941,12.2546,12.615,12.9755,13.3359,13.6964,14.0569,14.41732341,16.03467765,17.20792749,17.71227244,17.71227244,17.71227244,17.71227244,17.71227244,17.71227244,17.71227244,17.71227244
Ethiopia,0.866613344,0.804395814,0.73350131,0.815456638,0.827325945,0.864425166,0.9570294,0.976089968,0.924608114,0.959459661,1.009177073,1.076421768,1.078001997,1.041169164,1.17905178,1.326673295,1.470402504,1.631710227,1.788794713,1.90787909,2.11289139,2.319789437,2.486467368,2.612052687,3.070196415
Fiji,10.70880954,10.561,10.4133,10.2655,10.1177,9.97,9.8222,9.6744,9.5267,9.3789,9.2311,9.0834,8.9356,8.7878,8.640069434,10.33748039,11.21631133,12.18239972,12.18239972,12.18239972,12.18239972,12.18239972,12.18239972,12.18239972,12.18239972
Finland,3.18587817,3.054521576,3.205386021,3.10661542,3.08825057,3.453071339,3.303330148,3.470976546,3.730855476,3.941350285,4.278813698,4.337731251,4.25128576,4.100560124,4.369178427,4.884438437,4.83890113,5.419297077,6.010294706,6.063655661,5.708561704,6.258658398,6.512840505,6.784107204,6.720585513
France,4.580431373,4.527284297,4.786658475,4.790186079,5.204874847,5.209171828,5.086097842,5.491473091,5.626470975,5.894833011,6.311337999,6.47710361,6.750467863,6.589147247,6.749395249,7.113939694,7.741849777,8.28226047,8.537776821,8.869763846,8.944054169,9.732240918,9.820822083,10.3100305,10.97104773
Gabon,9.962283921,10.58342294,9.813478368,9.86950249,11.79407786,11.5268632,11.6811495,12.41129491,12.20942328,11.58781956,11.57032749,11.25011051,9.443389958,8.365663619,7.453483225,6.830967125,6.08115306,5.943253694,5.330884135,4.916482061,4.741674115,6.437753004,7.419348832,5.193086016,5.704792977
Gambia,24.07958299,24.4804,24.8813,25.2822,25.683,26.0839,26.4847,26.8856,27.2864,27.6873,28.0881,28.489,28.8899,29.2907,29.69156499,29.89642431,29.01791933,26.31791267,26.31791267,26.31791267,26.31791267,26.31791267,26.31791267,26.31791267,26.31791267
Georgia,2.216760707,2.232666588,1.46094099,1.204073308,1.788480676,2.355915854,2.652973723,3.398458897,3.832966578,4.36913771,4.411566689,5.274159893,5.709645651,6.073601676,6.420027274,7.101523893,7.501281264,7.867661058,9.135426635,8.60841559,9.173642503,8.860528044,9.392407255,9.667799463,9.309514419
Germany,4.394007607,4.870492944,5.17362683,5.296273027,5.565671775,5.709519586,5.659988062,5.843996732,6.06722743,6.444029561,6.646024936,6.741575676,7.102187772,7.314351765,7.608766174,7.780269057,8.114607808,9.094702414,9.364372569,9.722007886,9.751806155,10.99316571,11.18395544,11.42113342,12.43868891
Ghana,3.45488278,3.63395347,3.72780087,3.818656161,3.871910519,3.932109912,4.048554224,4.106226433,4.113313868,4.194469486,5.441554479,5.746471735,6.137126259,6.950108913,7.541328946,8.30776698,8.548186026,9.158624875,10.19043427,9.940222951,9.948845806,10.85149592,11.51168893,15.64596237,16.4438272
Greece,6.319207121,6.680653022,6.715292216,6.850590158,6.943451332,7.174346538,7.3074561,7.514946621,7.546034683,7.725561471,7.78871883,8.131434049,8.705976535,8.952155707,9.381408727,9.29060966,10.39685498,10.71020858,11.23878541,11.46876985,11.34900899,10.8570995,10.52103174,12.26397606,12.63641503
Guatemala,6.931396377,7.223879272,7.343983948,7.83914752,7.904274012,7.998686969,8.158878528,8.277922377,8.082086327,7.750952146,7.970785369,8.164504434,8.545162617,8.584732841,8.829838492,9.351371271,9.996367879,10.1558475,11.15758833,9.846142971,9.411316999,9.359964795,9.787627179,9.429444753,9.078216462
Guinea-Bissau,13.23266794,13.5025,13.7724,14.0422,14.3121,14.5819,14.8518,15.1216,15.3915,15.6613,15.9312,16.201,16.4709,16.7407,17.0105992,18.07854767,18.42058179,18.50457921,18.50457921,18.50457921,18.50457921,18.50457921,18.50457921,18.50457921,18.50457921
Guyana,4.142641567,4.3759,4.6093,4.8426,5.0759,5.3092,5.5425,5.7758,6.0091,6.2424,6.4757,6.709,6.9423,7.1756,7.40890242,7.24851679,7.772434945,8.541477468,8.541477468,8.541477468,8.541477468,8.541477468,8.541477468,8.541477468,8.541477468
Haiti,6.234555574,6.57538289,6.132347756,6.143851558,6.015048673,5.725623795,5.289637914,5.244735512,5.415458511,5.568406049,5.932312191,5.871609639,5.291925419,5.632300681,5.409950924,3.814438446,3.902517097,3.952411035,4.011672427,4.10741889,4.003680234,4.16676192,4.003482613,4.266672997,4.36624092
Honduras,4.273426185,4.234225755,4.404652569,4.698275625,4.632297199,4.723680479,4.880477376,4.753899819,4.638347083,5.312449479,5.696065072,5.544513828,5.61647175,5.502095008,5.568808778,5.826296344,6.583208986,6.112888646,6.548991111,6.719493425,6.885812173,6.583560311,6.801198848,7.01033021,7.446472699
Hungary,0.0,3.144263819,3.401403627,3.384497274,3.674215165,3.665626457,3.628308689,3.886172882,4.155498688,4.365516859,4.843521224,5.258767896,5.764091046,5.99347586,6.292035057,6.251667234,6.759262943,7.164845064,7.849640224,8.350635924,8.402672149,9.15656204,9.785500923,10.78289984,11.0628765
Iceland,2.467291084,2.782258893,2.819990102,2.721715502,2.840190314,2.900584932,2.799762221,3.134187726,3.174643216,2.94105142,2.679298323,3.000667521,3.010189889,3.039685525,3.383445662,3.537637021,3.069524925,2.791071863,2.648819841,2.479859111,2.326629148,2.245188829,2.378115257,2.429156935,2.551606751
India,3.432595711,3.442085515,3.58262905,3.751940328,3.936102926,4.088162114,4.344349106,4.422775946,4.637836836,4.841921106,5.022068756,5.303777712,5.430311467,5.826388486,6.131169426,6.565881228,6.944923863,7.267196615,7.279179991,7.183670702,7.543342952,7.774591654,8.113402288,8.348251096,8.22093589
Indonesia,5.667936217,5.972100779,6.240419102,6.193921749,6.794183736,6.806203598,7.211131833,7.43052236,6.673724976,6.514007223,6.446335345,6.671004866,6.827920843,7.26654769,7.352103444,7.873282463,8.361111398,9.173695206,9.722186048,9.4820026,9.697850473,10.91188576,11.38517888,11.65474139,11.62641511
Iran,5.867941844,6.149920661,6.144816404,5.90319047,5.34874181,5.336818395,5.925566218,5.412013505,5.491094283,4.952455515,5.499132418,5.22005453,5.499154966,5.893573197,5.79249977,5.553710222,5.748364661,6.033900163,5.754410101,5.867940957,6.278795583,6.452206037,5.482203837,5.225864252,4.926886331
Iraq,6.431526362,3.002916089,2.740884035,2.808636684,2.629414911,2.853905651,3.222559544,3.340184919,6.384939705,9.855142967,8.680202733,8.117469777,8.073079827,5.986835132,9.209366038,9.790662708,11.77620143,12.04776054,12.27175787,10.66601355,10.08310403,10.11840952,10.46909449,10.3494403,9.909542036
Ireland,4.869627514,5.0886221,5.44331967,5.615902203,5.779390033,6.4135271,6.555568389,6.948342519,7.332523461,7.616340032,8.322874045,8.764311875,9.617316478,10.30935246,10.86803401,11.54163713,12.90755653,13.68731774,13.4442262,13.22507771,13.74598758,15.65426123,16.21293979,17.01512831,18.62724123
Israel,6.157606554,6.834796036,6.554106203,6.663705743,6.854784774,7.113897548,7.397834829,7.425775281,7.637390018,8.249492703,8.597888055,8.382522116,8.811274378,8.075978259,8.932694469,9.330048477,8.90406436,9.475106024,8.767000124,9.563693747,9.474057217,10.24770408,10.33134884,11.89705142,12.38474968
Italy,7.199807275,7.376186612,7.65511103,7.810525893,8.253173325,7.985208878,8.231916791,8.420748932,8.589443242,8.657319188,8.990977338,9.284753541,9.461327385,9.204602347,9.314991254,9.372845684,10.20670932,10.82866854,11.5052658,12.06870151,12.00508639,12.93945399,13.46706802,14.07834218,14.99072841
Jamaica,4.141708669,4.472144174,4.430403787,4.947709758,5.025148115,4.933585107,4.761582612,4.78880674,4.550855484,4.538241653,4.424747698,4.568338467,5.075772718,5.144524587,5.292145528,5.573152022,5.273062505,5.461263852,6.56316052,7.375666563,8.303679876,8.084303558,8.403987058,8.387093861,8.746377539
Japan,5.508394967,5.831491603,5.877260682,5.946767389,5.817316223,5.947579139,6.115819252,6.222508563,6.338831637,6.313709318,6.571938647,6.853969616,7.054174815,7.31680545,7.441509317,7.793161796,8.162591936,8.598176325,9.018882065,9.025014446,8.986539607,9.907659285,10.51387267,10.92436339,11.28834039
Jordan,4.534174622,4.617815136,4.988838093,5.394355484,5.3952336,5.489995051,5.56252995,5.722014676,5.763300369,6.064739079,6.174143195,6.708849728,6.863434476,7.12209126,6.606267381,6.861313835,7.443464912,7.860736871,8.763397783,8.827993869,9.593577312,10.10043944,9.325156652,10.07632329,9.857392722
Kazakhstan,1.840874746,1.659938305,1.528308105,1.706784002,1.719742802,1.793696599,2.114574622,2.512083225,2.502055064,2.854582265,3.226172998,3.86555011,3.747546302,3.846257351,3.673828695,4.148508764,3.918811059,4.073325394,4.05778762,4.554137248,4.539729172,4.448777735,4.87673737,5.069442439,5.575757161
Kenya,3.270062863,3.366077088,3.327698634,3.335381026,3.458209513,3.518172873,3.599641493,3.63579198,3.660879941,3.717774309,3.693289446,3.864355092,3.895115137,3.996224341,4.102692265,4.32517897,4.550454987,4.886246917,4.822920258,4.740844772,4.978272418,5.282906917,5.576185846,5.914101753,5.974805013
South Korea,3.8173095,4.051698042,3.96323565,3.86439129,4.059100286,4.142870574,4.17759976,4.134612967,4.328857103,4.420089407,4.517721659,4.752466963,4.981470798,5.049446157,5.29392354,5.544273408,5.851742333,6.094709863,6.189494186,6.091749779,6.018303876,5.986386473,6.115469631,6.2342882,6.350128914
Kosovo,0.0,0.4059049349,0.8118098698,1.2177148047,1.6236197396,2.0295246745,2.4354296094,2.8413345443,3.2472394792,3.6531444141000002,4.059049349,4.278106682,4.333805887,4.443627314,4.656304612,5.245351808,5.588677383,5.92070606,5.718362859,5.432076785,5.539251694,5.825323033,6.469327457,6.790649475,7.416530672
Kuwait,0.0,3.352670063,6.705340126,6.597792154,6.228851413,6.504712621,6.776032031,6.992448282,6.41577907,5.955824101,6.136885059,5.888805433,5.99223707,6.717037357,7.126514565,7.227142807,8.198341261,8.71858846,8.331751593,7.131474647,6.897035989,7.646622886,7.392146765,7.813809752,7.6255077
Kyrgyzstan,1.493226545,1.56897455,1.883624238,2.097264924,2.371051648,2.683262807,2.530104651,3.007761879,2.917604135,3.510920995,3.937097059,4.558708108,4.120583591,4.219570089,4.7050434,4.782293683,5.161449538,4.93393617,5.097872055,5.78805383,6.105338552,5.492999998,4.749186981,5.815563308,6.5833543
Latvia,0.0,0.77685333125,1.5537066625,2.33055999375,3.107413325,2.968105146,3.139160337,3.550076196,3.923859444,4.441568513,4.953823382,5.12657373,5.701150034,5.826125032,6.220579652,6.841243761,7.447770156,8.315377964,9.241554396,8.238510414,8.191370463,9.575688616,9.808979179,10.52463138,10.95361171
Lebanon,5.529015147,6.901846326,8.11137083,6.420749801,6.470464373,6.134008164,6.591952726,6.000669515,6.401921939,6.174585858,7.037528217,6.966212953,7.365683681,7.736373475,8.357614941,9.284583307,10.23160446,13.03525622,11.29498601,10.23130586,11.65570083,12.06892073,11.49453496,12.51201887,12.59962951
Libya,0.0,0.671868487,1.343736974,2.015605461,2.687473948,3.3593424350000003,4.031210922,4.703079409,5.374947896,6.046816383,6.108012833,5.951612745,5.757565097,6.441772915,6.721957792,7.826165736,8.493370151,9.975593028,9.80139504,9.036372691,8.914558525,5.241028208,8.850279801,6.468190951,5.092491578
Lithuania,0.0,0.4932969488,0.9865938976,1.4798908464,1.9731877952,2.466484744,2.442927689,2.838285383,2.948042583,3.461429269,4.151709783,3.96341432,4.076499176,4.454333112,4.688958147,5.45518672,6.182187606,6.522934426,6.970660952,6.553872246,8.81195847,9.460782068,9.982059684,11.32116994,11.79427738
Luxembourg,3.341895863,3.513817779,3.646612485,3.835940441,4.214310275,5.142416803,5.358786579,5.780974883,6.282314189,6.966852778,7.211554971,7.001933194,7.163128083,7.02265756,6.823142922,7.235277323,8.498764883,9.571076389,10.06636583,10.3550488,10.28607442,11.4201092,11.86479159,13.07282897,14.7640287
Malaysia,5.630542117,5.168341089,5.22041828,5.431091895,6.089327949,6.31093952,6.388606083,5.992758878,5.906079379,6.27751551,6.126332993,6.047013276,6.263037893,6.298919304,6.422847567,6.431208143,6.957690691,6.935462241,7.090519133,7.405465995,7.883586883,8.127134904,8.581555002,7.879595299,8.192090155
Mexico,5.485203101,5.637116091,5.942793198,5.695347816,5.970029532,5.900345008,6.276973789,6.483363455,6.707829095,6.795883322,7.312113446,7.188369789,7.289579943,7.15891342,7.557561871,7.511506525,8.129222096,8.594998753,9.205664677,9.101652296,9.962821219,10.40926844,10.49914631,10.74709317,11.55406308
Moldova,0.0,0.39875815659999997,0.7975163131999999,1.1962744697999999,1.5950326263999999,1.993790783,2.223489176,2.408526363,2.465808068,2.772155458,3.127430688,3.203074873,3.458187753,3.459348786,3.796499749,4.063467887,4.44690392,4.833781534,5.331879592,5.316922298,5.218383287,5.727562954,6.124280793,8.087844978,7.638420028
Mongolia,2.14457727,1.808307426,1.917398081,2.032126856,2.451351185,2.668676786,3.298441458,3.559108003,3.689921514,3.85288458,3.73054148,3.895423856,3.870427933,4.319073691,4.764943682,4.574786231,4.497130339,4.859991767,5.375064469,5.147175223,5.230570512,5.724312975,6.053205471,5.780809506,6.047201404
Montenegro,0.0,0.3174413514,0.6348827028,0.9523240542,1.2697654056,1.5872067570000001,1.9046481084,2.2220894598000003,2.5395308112,2.8569721626,3.1744135140000003,3.4918548654,3.8092962168,4.1267375682,4.4441789196000006,4.761620271,5.459013879,6.455686101,6.681223337,7.917492732,7.188145569,7.971445668,8.099023048,9.409047148,9.992521023
Morocco,8.373070236,8.831566464,8.348749985,8.174546974,8.621530231,8.404025245,9.150366242,8.889145594,9.458496808,9.122279295,9.455331047,9.782343066,10.08159449,10.92901088,9.913872001,9.975561219,10.87187687,11.20653233,11.6544169,12.15398897,12.16834523,12.13373454,12.09123877,12.55800471,12.27745618
Mozambique,0.639254038,0.69650405,0.660486409,0.733367739,0.78967172,0.806856632,0.896958858,0.986194624,1.085512729,1.206253763,1.181080703,1.285862643,1.409152205,1.455301633,1.552868395,1.684580131,1.848731239,1.960931192,2.1039853,2.173613064,2.265847133,2.388401221,2.445771146,2.54156562,2.574181446
Myanmar,1.646276711,1.719528285,1.870581608,2.046967268,2.113834718,2.231560836,2.41422096,2.541249577,2.648753768,2.970737514,3.349355348,3.899940874,4.293030953,4.589748355,5.073461186,5.921277041,6.801862497,7.538983416,8.789969189,10.33495802,11.70367069,12.34941264,12.23934391,12.53681508,11.49455
Namibia,0.0,8.429162918,8.683012364,8.126463991,7.835198289,7.589647746,7.423823819,7.699331856,7.707597319,8.11007636,9.024574358,7.870089394,9.0492738,9.219217523,10.13743104,9.888193202,10.88868561,11.44887216,11.24944384,11.16745168,11.53785754,11.98976821,12.48192732,13.1096919,13.56984892
Nepal,2.45524245,2.615209032,2.71841547,2.815613782,3.005397183,3.077941438,3.223786433,3.337044736,3.388371014,3.401787285,3.498699668,3.627653868,3.648999075,3.757108945,3.981545447,4.109225408,4.376327885,4.558795805,4.7645033,4.874250719,5.020777963,5.121554763,5.814000688,5.630825595,5.968760364
Netherlands,4.355391156,4.368354256,4.611260785,4.73821732,4.951414127,4.895605201,4.879702282,5.378340357,5.721997504,6.187550724,6.72764545,6.859099646,7.068613992,6.794765668,7.034627369,7.540996804,8.317437487,8.941624936,9.575097071,9.444900261,8.969385376,10.05003599,10.17423722,10.70425201,11.38202416
New Zealand,3.854679342,3.86870917,3.915838123,4.021495936,4.214353506,4.417354449,4.469308296,4.493522941,4.646074683,4.77708873,4.857347732,5.10487429,5.373353665,5.710032495,5.915809892,6.27021292,6.85862739,7.247915585,7.313874844,7.53673885,7.397328235,7.836805472,7.569440855,8.306624475,8.171383775
Nicaragua,4.083139194,3.970369814,3.955341475,4.098655904,4.280354545,4.499377106,4.784452348,4.834609117,5.042466929,5.397806006,5.606365041,5.847951255,5.774860885,5.892211274,6.093946143,6.448236951,6.98443379,7.41291177,7.730468014,7.488925069,7.843267845,8.228274795,8.061310339,7.943085383,8.287756302
Niger,0.0,0.45297877169999995,0.9059575433999999,1.3589363150999998,1.8119150867999998,2.2648938585,2.7178726301999996,3.1708514019,3.6238301735999996,4.0768089453,4.529787717,4.815500701,4.852807237,4.984026013,4.899365162,5.223217179,5.551662143,5.620234189,5.996802686,5.659017693,5.747389657,6.909882508,6.688113671,5.466094476,5.781239702
Nigeria,2.95168468,2.922355506,3.008449113,2.969340157,3.052561346,3.03078868,3.084714612,3.124247379,3.218897219,3.170936361,3.27742228,3.378806036,3.835526679,3.968255508,4.329537726,4.571815252,4.954539633,5.238226187,5.536987966,6.124806687,6.218315048,6.320526971,6.248299861,6.703535422,7.21351872
North Macedonia,4.453390504,4.408363532,3.786250905,3.493323182,3.929486003,3.925572749,3.422258541,3.883365731,3.785692143,4.260826372,4.674599812,4.779910429,5.111870855,4.786584917,5.302994976,5.708282335,6.038976669,6.309963019,7.13024309,8.027477471,8.113612818,7.709637748,8.293257323,9.727414282,10.58959573
Norway,3.71001141,3.8284583,3.989703147,3.946091722,4.324425678,4.510128551,5.147527861,5.223384556,4.958119049,5.167171908,6.34222992,6.345348003,6.904115808,6.497581605,7.36851446,8.237095794,9.272754875,9.53093732,9.139531983,8.546651563,8.357865814,10.98762158,11.06556357,10.43661939,11.77568912
Oman,10.12178782,8.019422448,9.515329009,9.501135333,9.902932632,10.50923749,10.72753452,10.75838061,11.08804331,10.8392188,10.86451079,11.43615151,10.92658489,10.16712866,10.32814722,9.705302551,6.763575747,6.32516191,7.888029915,8.346935554,7.47801227,6.419416578,6.545561525,6.448079582,6.416901503
Pakistan,4.853214827,5.140672791,5.316592228,5.270429846,5.363780322,5.503402261,5.583157202,5.588460386,5.672700946,5.649591482,5.865218949,6.014573712,6.23664549,6.371184863,6.552602308,7.015753961,7.367064056,7.527206905,7.93742055,8.102571476,8.209966907,8.547517506,8.685834627,8.84337046,9.208494691
Panama,8.361496981,8.725132023,8.47053803,9.014301499,8.992192105,9.206705848,9.128786997,9.510902803,8.902443022,9.52109468,9.870392795,8.948461381,10.22720226,10.84287377,12.13757264,12.02972927,12.60324421,14.80634987,16.5400521,15.28868465,15.29618955,16.01932702,17.42563416,20.09727489,21.20296919
Paraguay,7.410637491,7.680326295,8.021535509,8.298796627,8.167396947,8.135338087,8.222872122,8.019214932,8.221161839,8.620706028,9.197273152,9.157947166,9.381323458,9.768125583,10.33966643,11.00997601,11.53694233,12.05029162,12.46703602,12.36789265,12.98649591,13.62835702,12.88228552,14.61064781,14.59010481
Peru,7.621640186,8.21067479,8.588263462,8.667352125,9.597438692,9.85196913,10.01331542,11.20447159,10.72973833,10.36968209,10.91868697,11.63319054,12.37951975,13.40035387,13.05581711,13.50119264,15.40424064,15.86442021,16.82736064,16.35107925,15.13130197,16.13661031,15.54265097,16.51280949,14.56543589
Philippines,5.539509705,5.701933245,5.596956694,5.855197996,5.825487213,5.942984024,6.193879372,6.297309373,6.154454554,6.269597676,6.467164327,7.101991702,7.376522654,7.866862374,8.647370932,9.327298371,10.18791629,11.13144821,11.38947289,12.19126346,12.54824648,13.19116571,13.51276363,13.97968766,14.03803935
Poland,2.28187554,2.239223383,2.40612963,2.494855231,2.815140939,2.972913026,3.078371591,3.374855706,3.850426411,4.181761714,4.592110153,4.751697353,5.090762777,5.160969772,5.598340979,5.75600343,5.967582858,6.641882243,7.13919881,7.808974141,7.978098154,8.611821571,9.286000247,9.634615175,10.35505238
Portugal,6.995018278,7.465599008,7.254027592,7.376849856,7.415420159,7.13998635,7.496827394,7.575460967,7.449213373,7.411918269,7.900824021,8.168706308,8.21664239,8.675700434,8.712343497,9.0215296,10.31364101,10.70017384,11.40896066,11.49481843,12.27382409,12.37048667,12.96609223,13.57527801,14.12743276
Romania,1.964338086,2.144634729,2.195277056,2.340908907,2.634509045,2.638405217,2.718432149,2.795084556,3.04050437,3.467935559,3.624259116,3.919774905,4.080788013,4.121494764,4.980510929,5.304083472,6.124962053,7.187582175,8.700090545,9.721206559,9.814021791,10.076823,10.86943313,12.4044754,12.95704473
Russia,1.351128343,1.338601903,1.281144451,1.268713085,1.295424374,1.308245553,1.297522413,1.40058614,1.372612606,1.429703131,1.6157537,1.716582757,1.874326305,2.074401221,2.275807297,2.60352038,3.180671974,3.534774932,4.180610135,4.279124998,4.251909798,4.527760442,4.707762439,5.14446515,5.296079697
Saudi Arabia,8.980421365,9.172556559,8.562879323,8.32875771,8.129645497,8.270696385,8.075484671,8.709237021,8.503511517,8.154454654,8.421771302,8.282868789,7.382768635,8.266968629,8.612162206,9.165328857,8.759159436,8.865141488,8.607517338,7.979544512,7.617824922,8.908194151,8.288915256,8.669658075,8.059175848
Senegal,6.589567328,7.03988234,6.85789241,7.135954399,7.336832533,7.452733415,7.559360136,7.478643016,7.584797596,7.761585476,7.69892572,7.612678289,7.66520523,8.57316765,8.710086209,9.298159862,9.790409813,9.833222167,9.992719121,8.57112744,8.811214498,8.618734862,9.221715202,10.22029312,10.14030537
Serbia,0.0,0.5397665236,1.0795330472,1.6192995708,2.1590660944,2.698832618,2.342277451,2.422816553,2.515801652,3.072038232,3.136038234,3.077450335,3.208298594,3.2368211,3.326395351,4.251635757,4.432013374,4.992805618,5.516213989,6.060195907,5.981558812,6.143959661,6.896596255,7.029925246,7.883912022
Slovakia,0.0,1.050069182,2.100138364,2.236207775,2.471110596,2.618838569,2.791295756,2.999131477,3.262034818,3.275090635,3.456478133,3.584706141,3.82109919,4.083740409,4.452988818,4.748041092,5.445273292,6.384766671,6.966528686,7.436481024,7.612063296,8.105226986,8.742559598,8.932554514,9.850391617
Slovenia,4.324287672,4.185216081,4.357867271,4.376953416,4.526456662,4.460784976,4.491128955,4.615045704,4.934448221,5.26856563,5.58494004,5.606525283,5.910878654,6.088971402,6.367699391,6.542431938,7.04015235,7.581827543,7.716239154,7.883988925,7.780091711,8.108610221,8.482032641,8.998435427,9.538866522
Solomon Is.,7.148146958,7.4346,7.7211,8.0076,8.2941,8.5805,8.867,9.1535,9.44,9.7265,10.0129,10.2994,10.5859,10.8724,11.15885035,12.13022857,13.13892558,13.34826979,13.34826979,13.34826979,13.34826979,13.34826979,13.34826979,13.34826979,13.34826979
South Africa,2.59786741,2.5457288,2.732038427,2.641838729,2.692962743,2.68750867,2.79326546,2.838581312,2.903855769,2.980457855,3.181560908,3.246515383,3.485856351,3.418426231,3.361664972,3.655195172,4.00580334,4.047365026,3.952769811,4.000417175,4.234521019,4.48061831,4.580665078,4.787407281,4.645505901
S. Sudan,0.0,1.0845334013636363,2.1690668027272726,3.253600204090909,4.338133605454545,5.422667006818181,6.507200408181818,7.591733809545454,8.67626721090909,9.760800612272726,10.845334013636363,11.929867414999999,13.014400816363636,14.098934217727273,15.183467619090909,16.268001020454545,17.35253442181818,18.437067823181817,19.521601224545453,20.60613462590909,21.690668027272725,22.77520142863636,23.85973483,32.10169189,22.54242733
Spain,5.894571965,6.024594126,6.105596295,6.449385195,6.389596299,6.408093819,6.808794807,6.796622695,6.928421212,6.933430211,7.188431543,7.500782044,7.841904488,7.924282607,8.065434706,8.490791166,9.606255477,10.19982496,10.99126004,11.6486024,11.55861661,11.84822055,11.8210103,12.91108108,13.60268562
Sri Lanka,7.24533283,7.718213287,8.031703585,8.336904173,9.363651769,9.769848724,9.228092511,9.638253075,10.03827289,9.946283122,9.786705313,10.18566724,10.5624744,10.76203314,11.49978485,12.31452865,13.53692329,14.56018973,15.97824085,16.79610468,17.04398765,17.5699478,18.72022299,22.26651723,21.83344934
Sudan,2.741506166,3.052970969,3.33018933,3.67064558,3.266934984,3.522281452,3.70867067,4.083073006,4.258953256,4.012057946,4.614509849,4.794372247,4.774493341,5.389649621,5.751790256,6.258103934,6.606603564,7.823544842,8.461853542,8.509824818,8.718086348,8.752203344,9.864904198,10.26340199,11.31716091
Suriname,0.0,0.5700754338,1.1401508676,1.7102263014,2.2803017352,2.850377169,3.4204526028,3.9905280366,4.5606034704,5.1306789042,5.700754338,5.66902526,8.471478151,8.597763383,8.743217113,8.22263362,9.429469273,10.75713353,10.81260037,11.17646039,9.994174295,11.08731037,10.96195782,13.30288975,13.83873506
Sweden,3.666884417,3.632417593,3.841848316,3.854599908,3.830140732,4.015803837,4.073485696,4.343167267,4.455416201,4.82085229,5.496214215,5.240997007,5.30000398,5.589573178,5.74771795,5.958401662,6.76949255,7.417550157,7.801474184,8.229605874,7.776619252,8.437285341,8.597501869,8.964957435,9.472717879
Switzerland,7.604491937,7.672811877,7.809563917,8.189554594,8.394819662,8.73671509,8.789116284,9.020447168,9.251983791,9.532156779,10.27497325,10.01236996,10.61368645,10.64743986,11.09456114,11.63122845,12.46115476,14.58381222,15.02510495,14.8794995,15.86424076,17.52825822,18.06199321,18.19201573,20.22987225
Tajikistan,2.629356383,2.643314215,2.349255566,2.567694676,2.691051183,2.690796429,2.364109661,2.45355754,2.485486276,2.629224519,3.033325758,3.441474835,3.862823612,4.282698456,4.488481562,4.945367531,5.289679146,5.476596671,6.331661161,7.627737298,8.054864634,8.806497227,8.391177334,8.374213877,9.71921397
Tanzania,2.415972466,2.498215969,2.537317741,2.559345297,2.608069819,2.632122109,2.767879096,2.88706474,2.84339412,2.845284819,2.880315708,2.956490174,3.060942715,3.199462722,3.33080514,3.525105748,3.734585365,3.954605314,4.121654362,4.252436988,4.352007687,4.525295536,4.146283785,4.307430245,4.383811479
Thailand,5.813952438,6.008668015,6.234483761,6.547418326,6.531069485,6.592371813,6.342990989,6.159906475,6.136493026,6.097543376,6.360015813,6.533319605,6.370564724,6.420657301,6.485356366,6.776700277,7.187021343,7.464849524,7.536064344,7.569084658,7.524297734,7.755162451,7.99384,7.736499668,7.860988563
Togo,2.49026243,2.496010403,2.42165933,2.094899716,2.175442108,2.275768866,2.249451664,2.655547175,2.454536133,2.231919877,2.268764017,2.343157677,2.386513731,2.456524574,2.471922446,2.384155038,2.526683761,2.469934517,2.513246478,2.19740599,2.358897555,2.54757485,2.668097025,2.770434936,2.873761957
Trinidad and Tobago,1.439862359,1.544349621,1.581840983,1.680704751,1.767542976,1.918339923,1.769652246,2.053319046,1.933578302,1.814730356,1.873483589,1.785885053,1.799504866,1.875605454,1.980727774,1.889335599,1.974976957,1.997394651,2.168384729,2.066503832,2.020618543,2.090422153,2.101062832,2.076411953,2.067567703
Tunisia,6.021292376,6.531158072,6.475954367,6.960113271,6.786421054,7.002127531,7.309014078,7.600829546,7.38951679,7.691263934,7.945060567,7.984690253,8.110441604,8.419006564,8.712514194,9.462967971,9.747916049,10.34214926,10.53763949,11.26260934,10.50465337,11.02039856,10.83315944,10.77131409,10.99267133
Turkey,8.713177213,9.219756575,9.688870952,10.10144063,9.87211866,9.863434648,9.870599995,10.2576414,7.775086123,7.742253183,7.981133874,8.421998259,8.188701296,8.15019454,9.015036206,9.585709449,10.05248012,10.33163292,11.45247803,11.3057051,11.82564145,12.7155913,13.01870541,14.45949164,15.22963455
Turkmenistan,1.143336177,1.299468733,1.654555368,1.70074343,1.133211831,1.043327857,1.297593426,1.167993354,1.209517229,1.20727845,1.297514164,1.357823678,1.325348186,1.250373594,1.291361593,1.445449756,1.613607826,1.614945521,1.86630243,2.272164367,2.200060284,2.368008077,2.487170537,2.608806142,2.756970747
Ukraine,1.504154912,1.422459384,1.510052397,1.496149742,1.382129059,1.254650019,1.255115426,1.294325392,1.357823298,1.381134533,1.509483718,1.680774002,1.77703558,1.858396531,2.151282402,2.300310091,2.649008025,2.884380127,3.113465144,3.143624123,2.856042867,3.217732402,3.533472506,3.945440897,4.295744036
United Arab Emirates,7.808816709,7.080221085,7.862371815,7.749258412,7.635672012,7.827159137,7.98687242,8.321109532,8.252690421,8.436671393,9.779714319,7.946042335,8.335892897,9.38972051,9.90310929,10.07084906,10.97695063,10.71632289,9.529043286,9.002014495,8.992361475,9.412692556,9.171674346,9.176691728,9.613214291
United Kingdom,4.675763887,4.623974643,4.763922634,4.949787977,5.211898148,5.501926377,5.629298252,6.125059027,6.241420738,6.451957533,6.977061806,7.333584989,7.886495698,8.109651815,8.652041379,8.861919932,9.659071718,10.34314981,10.90434414,11.13623928,11.25727128,12.50324372,12.59075305,13.37851464,14.85823456
United States of America,3.113830376,3.189721758,3.310884692,3.422699969,3.569922321,3.695489529,3.820235063,4.018498195,4.210014105,4.355999776,4.509807967,4.743712576,4.847824729,5.067397017,5.292442411,5.622220038,6.014655927,6.183931584,6.461275259,6.674426026,6.76773786,7.095715543,7.509127789,7.690359601,7.906259489
Uruguay,8.826783446,8.712775559,8.703232394,9.800782693,11.24234026,10.57691834,10.31563427,11.21117119,11.5127715,10.49227756,11.01081154,12.33730667,12.35386381,12.76056549,12.10018915,13.00834334,12.96274524,14.25843244,11.87428464,12.54216445,13.82252895,13.72704376,13.25912,14.09032822,14.49682825
Uzbekistan,1.102940703,1.094209871,1.055560379,1.014835844,0.993136283,1.095261892,1.096895169,1.154097911,1.095233105,1.128486212,1.208384248,1.2784069,1.296433858,1.423618165,1.593647843,1.896202103,2.054801118,2.325948401,2.480775015,3.041630676,3.387132143,3.40131653,3.513447698,4.186326054,4.186326054
Vanuatu,10.4047299,10.7289,11.0532,11.3774,11.7016,12.0258,12.35,12.6743,12.9985,13.3227,13.6469,13.9711,14.2953,14.6196,14.94378454,16.2264059,17.54768616,16.7854236,16.7854236,16.7854236,16.7854236,16.7854236,16.7854236,16.7854236,16.7854236
Venezuela,4.761409934,5.17131391,5.015106993,5.527756745,4.756360228,5.380864603,5.130560308,5.576369965,5.371361848,5.374191544,5.543643205,5.660261947,4.828407946,4.933220941,5.625020044,6.411702918,6.514859602,7.865910077,7.54850445,7.347080821,6.577677623,7.535064485,7.535064485,7.535064485,7.535064485
Vietnam,3.492190606,3.774264096,4.01815408,4.097130348,4.551247439,4.773069922,5.032306197,5.137753438,5.156378378,5.32551791,5.526374845,5.623653323,5.56590461,5.772252213,5.743452902,6.016677108,6.47137379,6.615997696,6.664956633,6.487590601,6.291319105,6.826948556,7.556336777,8.115602379,8.115602379
Yemen,9.637665518,8.702294018,8.818086481,10.84595066,11.32308872,10.79326624,11.26351015,11.34704457,11.38479187,10.6183647,10.85754442,10.38445256,11.31818276,10.76480414,10.53052135,10.76488526,10.6881885,11.5897195,11.61309881,10.9530646,12.30441258,12.98291986,14.18184868,11.12831918,11.12831918
Zambia,2.176495923,2.188944133,2.16732365,2.367023126,2.193814346,2.265789035,2.471800052,2.502945904,2.496635903,2.645884214,2.741444837,2.859789109,2.935948856,3.095265293,3.306799263,3.538868333,3.847815828,4.279730864,4.54437828,4.882106842,5.259630831,5.366511707,5.440729816,5.556461613,5.556461613
Zimbabwe,1.99030522,2.04848398,1.846082009,1.996143115,2.243139324,2.252988252,2.542633081,2.682497316,2.727491322,2.573250879,2.69787789,2.804297605,2.641668359,2.335377463,2.312050696,2.14198039,2.08073124,2.100340026,1.897258045,2.101542537,2.457709879,2.643624034,2.889006295,3.034057452,3.034057452
